iteration,n_files,file_ids,rmse_m,mae_m,r2_m,rmse_q,mae_q,r2_q,iter_runtime_sec,cumulative_runtime_sec,plot_path
0,10,110;117;13;133;136;15;164;19;319;368,0.05227411538362503,0.04744960740208626,0.9666683077812195,5.217543125152588,4.141328811645508,0.9984076023101807,16.36079416901339,16.360795688990038,time_rndm_gru_sampling_results/plots/iter_000_n10_timeseries.png
1,20,110;117;13;133;136;15;164;19;319;368;324;229;74;35;79;267;170;281;102;278,0.052867744117975235,0.04773896560072899,0.9659069776535034,8.25684642791748,7.031723499298096,0.9960121512413025,27.979634060990065,44.34055397301563,time_rndm_gru_sampling_results/plots/iter_001_n20_timeseries.png
2,30,110;117;13;133;136;15;164;19;319;368;324;229;74;35;79;267;170;281;102;278;335;234;76;323;99;55;211;371;0;85,0.05152047798037529,0.045507483184337616,0.9676224589347839,7.742997169494629,6.641592502593994,0.9964930415153503,48.71896689600544,93.05960182100534,time_rndm_gru_sampling_results/plots/iter_002_n30_timeseries.png
3,40,110;117;13;133;136;15;164;19;319;368;324;229;74;35;79;267;170;281;102;278;335;234;76;323;99;55;211;371;0;85;72;174;316;283;182;268;204;129;5;20,0.04374175891280174,0.035780809819698334,0.9766613245010376,4.080346584320068,3.5510432720184326,0.9990261197090149,65.38003038300667,158.43971907600644,time_rndm_gru_sampling_results/plots/iter_003_n40_timeseries.png
4,50,110;117;13;133;136;15;164;19;319;368;324;229;74;35;79;267;170;281;102;278;335;234;76;323;99;55;211;371;0;85;72;174;316;283;182;268;204;129;5;20;14;361;272;306;145;108;131;36;216;147,0.040238067507743835,0.03244803473353386,0.9802504181861877,5.373432159423828,5.045522689819336,0.9983110427856445,82.88945742000942,241.329284929001,time_rndm_gru_sampling_results/plots/iter_004_n50_timeseries.png
5,60,110;117;13;133;136;15;164;19;319;368;324;229;74;35;79;267;170;281;102;278;335;234;76;323;99;55;211;371;0;85;72;174;316;283;182;268;204;129;5;20;14;361;272;306;145;108;131;36;216;147;325;336;162;176;49;265;93;59;190;126,0.04036978632211685,0.0318792350590229,0.9801208972930908,4.249338150024414,3.7734627723693848,0.9989438056945801,99.46199245101889,340.79136235199985,time_rndm_gru_sampling_results/plots/iter_005_n60_timeseries.png
6,70,110;117;13;133;136;15;164;19;319;368;324;229;74;35;79;267;170;281;102;278;335;234;76;323;99;55;211;371;0;85;72;174;316;283;182;268;204;129;5;20;14;361;272;306;145;108;131;36;216;147;325;336;162;176;49;265;93;59;190;126;66;198;4;149;317;96;329;9;355;359,0.04268627241253853,0.03374337777495384,0.9777740240097046,3.9273414611816406,3.6072773933410645,0.9990977644920349,116.32160455200938,457.11307000601664,time_rndm_gru_sampling_results/plots/iter_006_n70_timeseries.png
7,80,110;117;13;133;136;15;164;19;319;368;324;229;74;35;79;267;170;281;102;278;335;234;76;323;99;55;211;371;0;85;72;174;316;283;182;268;204;129;5;20;14;361;272;306;145;108;131;36;216;147;325;336;162;176;49;265;93;59;190;126;66;198;4;149;317;96;329;9;355;359;31;67;115;150;210;246;297;3;310;271,0.03759612515568733,0.02916044183075428,0.9827587008476257,5.051121711730957,4.681618690490723,0.9985076189041138,131.57143872699817,588.6846038849908,time_rndm_gru_sampling_results/plots/iter_007_n80_timeseries.png
8,90,110;117;13;133;136;15;164;19;319;368;324;229;74;35;79;267;170;281;102;278;335;234;76;323;99;55;211;371;0;85;72;174;316;283;182;268;204;129;5;20;14;361;272;306;145;108;131;36;216;147;325;336;162;176;49;265;93;59;190;126;66;198;4;149;317;96;329;9;355;359;31;67;115;150;210;246;297;3;310;271;169;245;237;291;307;312;6;98;53;206,0.03841065987944603,0.02963966876268387,0.9820035099983215,5.102392673492432,4.758213520050049,0.9984771609306335,147.78056786800153,736.4652666260081,time_rndm_gru_sampling_results/plots/iter_008_n90_timeseries.png
9,100,110;117;13;133;136;15;164;19;319;368;324;229;74;35;79;267;170;281;102;278;335;234;76;323;99;55;211;371;0;85;72;174;316;283;182;268;204;129;5;20;14;361;272;306;145;108;131;36;216;147;325;336;162;176;49;265;93;59;190;126;66;198;4;149;317;96;329;9;355;359;31;67;115;150;210;246;297;3;310;271;169;245;237;291;307;312;6;98;53;206;114;33;356;118;75;113;231;353;123;332,0.03639793395996094,0.028952866792678833,0.9838401675224304,2.941190242767334,2.5441834926605225,0.9994940161705017,164.87727672900655,901.3426353870018,time_rndm_gru_sampling_results/plots/iter_009_n100_timeseries.png
10,110,110;117;13;133;136;15;164;19;319;368;324;229;74;35;79;267;170;281;102;278;335;234;76;323;99;55;211;371;0;85;72;174;316;283;182;268;204;129;5;20;14;361;272;306;145;108;131;36;216;147;325;336;162;176;49;265;93;59;190;126;66;198;4;149;317;96;329;9;355;359;31;67;115;150;210;246;297;3;310;271;169;245;237;291;307;312;6;98;53;206;114;33;356;118;75;113;231;353;123;332;226;167;236;213;153;264;122;369;266;73,0.03659162297844887,0.02855159528553486,0.9836677312850952,3.854388952255249,3.208629846572876,0.9991309642791748,180.92348232099903,1082.2662463010056,time_rndm_gru_sampling_results/plots/iter_010_n110_timeseries.png
11,120,110;117;13;133;136;15;164;19;319;368;324;229;74;35;79;267;170;281;102;278;335;234;76;323;99;55;211;371;0;85;72;174;316;283;182;268;204;129;5;20;14;361;272;306;145;108;131;36;216;147;325;336;162;176;49;265;93;59;190;126;66;198;4;149;317;96;329;9;355;359;31;67;115;150;210;246;297;3;310;271;169;245;237;291;307;312;6;98;53;206;114;33;356;118;75;113;231;353;123;332;226;167;236;213;153;264;122;369;266;73;320;137;97;60;339;235;315;280;57;7,0.03849243000149727,0.030118972063064575,0.9819267988204956,5.053349018096924,4.66528844833374,0.9985062479972839,198.54575663799187,1280.8121167719946,time_rndm_gru_sampling_results/plots/iter_011_n120_timeseries.png
12,130,110;117;13;133;136;15;164;19;319;368;324;229;74;35;79;267;170;281;102;278;335;234;76;323;99;55;211;371;0;85;72;174;316;283;182;268;204;129;5;20;14;361;272;306;145;108;131;36;216;147;325;336;162;176;49;265;93;59;190;126;66;198;4;149;317;96;329;9;355;359;31;67;115;150;210;246;297;3;310;271;169;245;237;291;307;312;6;98;53;206;114;33;356;118;75;113;231;353;123;332;226;167;236;213;153;264;122;369;266;73;320;137;97;60;339;235;315;280;57;7;331;86;46;256;183;84;95;159;251;71,0.03883212432265282,0.02881428226828575,0.9816064238548279,4.551329612731934,4.1596455574035645,0.9987882971763611,212.66635160299484,1493.4785628170066,time_rndm_gru_sampling_results/plots/iter_012_n130_timeseries.png
13,140,110;117;13;133;136;15;164;19;319;368;324;229;74;35;79;267;170;281;102;278;335;234;76;323;99;55;211;371;0;85;72;174;316;283;182;268;204;129;5;20;14;361;272;306;145;108;131;36;216;147;325;336;162;176;49;265;93;59;190;126;66;198;4;149;317;96;329;9;355;359;31;67;115;150;210;246;297;3;310;271;169;245;237;291;307;312;6;98;53;206;114;33;356;118;75;113;231;353;123;332;226;167;236;213;153;264;122;369;266;73;320;137;97;60;339;235;315;280;57;7;331;86;46;256;183;84;95;159;251;71;285;222;165;168;362;352;179;80;300;10,0.03763572871685028,0.028260618448257446,0.9827223420143127,4.470865249633789,3.7999274730682373,0.9988307952880859,232.02136453799903,1725.5000129370019,time_rndm_gru_sampling_results/plots/iter_013_n140_timeseries.png
14,150,110;117;13;133;136;15;164;19;319;368;324;229;74;35;79;267;170;281;102;278;335;234;76;323;99;55;211;371;0;85;72;174;316;283;182;268;204;129;5;20;14;361;272;306;145;108;131;36;216;147;325;336;162;176;49;265;93;59;190;126;66;198;4;149;317;96;329;9;355;359;31;67;115;150;210;246;297;3;310;271;169;245;237;291;307;312;6;98;53;206;114;33;356;118;75;113;231;353;123;332;226;167;236;213;153;264;122;369;266;73;320;137;97;60;339;235;315;280;57;7;331;86;46;256;183;84;95;159;251;71;285;222;165;168;362;352;179;80;300;10;197;38;47;220;166;189;44;101;275;111,0.035365983843803406,0.027155442163348198,0.9847434759140015,3.611290216445923,3.100709915161133,0.9992371797561646,246.88908951199846,1972.3891987010138,time_rndm_gru_sampling_results/plots/iter_014_n150_timeseries.png
15,160,110;117;13;133;136;15;164;19;319;368;324;229;74;35;79;267;170;281;102;278;335;234;76;323;99;55;211;371;0;85;72;174;316;283;182;268;204;129;5;20;14;361;272;306;145;108;131;36;216;147;325;336;162;176;49;265;93;59;190;126;66;198;4;149;317;96;329;9;355;359;31;67;115;150;210;246;297;3;310;271;169;245;237;291;307;312;6;98;53;206;114;33;356;118;75;113;231;353;123;332;226;167;236;213;153;264;122;369;266;73;320;137;97;60;339;235;315;280;57;7;331;86;46;256;183;84;95;159;251;71;285;222;165;168;362;352;179;80;300;10;197;38;47;220;166;189;44;101;275;111;196;328;144;238;298;286;16;107;221;56,0.03762810304760933,0.028134183958172798,0.9827293753623962,2.90374493598938,2.2941009998321533,0.9995067715644836,262.6411792979925,2235.030481091002,time_rndm_gru_sampling_results/plots/iter_015_n160_timeseries.png
16,170,110;117;13;133;136;15;164;19;319;368;324;229;74;35;79;267;170;281;102;278;335;234;76;323;99;55;211;371;0;85;72;174;316;283;182;268;204;129;5;20;14;361;272;306;145;108;131;36;216;147;325;336;162;176;49;265;93;59;190;126;66;198;4;149;317;96;329;9;355;359;31;67;115;150;210;246;297;3;310;271;169;245;237;291;307;312;6;98;53;206;114;33;356;118;75;113;231;353;123;332;226;167;236;213;153;264;122;369;266;73;320;137;97;60;339;235;315;280;57;7;331;86;46;256;183;84;95;159;251;71;285;222;165;168;362;352;179;80;300;10;197;38;47;220;166;189;44;101;275;111;196;328;144;238;298;286;16;107;221;56;360;92;212;347;151;194;70;301;293;287,0.03889679163694382,0.02887781150639057,0.981545090675354,3.7174232006073,3.2341744899749756,0.9991916418075562,278.7600754570158,2513.790661539999,time_rndm_gru_sampling_results/plots/iter_016_n170_timeseries.png
17,180,110;117;13;133;136;15;164;19;319;368;324;229;74;35;79;267;170;281;102;278;335;234;76;323;99;55;211;371;0;85;72;174;316;283;182;268;204;129;5;20;14;361;272;306;145;108;131;36;216;147;325;336;162;176;49;265;93;59;190;126;66;198;4;149;317;96;329;9;355;359;31;67;115;150;210;246;297;3;310;271;169;245;237;291;307;312;6;98;53;206;114;33;356;118;75;113;231;353;123;332;226;167;236;213;153;264;122;369;266;73;320;137;97;60;339;235;315;280;57;7;331;86;46;256;183;84;95;159;251;71;285;222;165;168;362;352;179;80;300;10;197;38;47;220;166;189;44;101;275;111;196;328;144;238;298;286;16;107;221;56;360;92;212;347;151;194;70;301;293;287;295;351;244;209;41;276;65;172;277;22,0.03546185418963432,0.028532758355140686,0.9846606850624084,2.8521320819854736,2.123384952545166,0.9995241761207581,299.27875494601903,2813.069523039012,time_rndm_gru_sampling_results/plots/iter_017_n180_timeseries.png
18,190,110;117;13;133;136;15;164;19;319;368;324;229;74;35;79;267;170;281;102;278;335;234;76;323;99;55;211;371;0;85;72;174;316;283;182;268;204;129;5;20;14;361;272;306;145;108;131;36;216;147;325;336;162;176;49;265;93;59;190;126;66;198;4;149;317;96;329;9;355;359;31;67;115;150;210;246;297;3;310;271;169;245;237;291;307;312;6;98;53;206;114;33;356;118;75;113;231;353;123;332;226;167;236;213;153;264;122;369;266;73;320;137;97;60;339;235;315;280;57;7;331;86;46;256;183;84;95;159;251;71;285;222;165;168;362;352;179;80;300;10;197;38;47;220;166;189;44;101;275;111;196;328;144;238;298;286;16;107;221;56;360;92;212;347;151;194;70;301;293;287;295;351;244;209;41;276;65;172;277;22;364;12;219;241;318;372;63;288;68;192,0.034328922629356384,0.027158524841070175,0.985625147819519,3.3168928623199463,2.6860849857330322,0.9993564486503601,310.5484690250014,3123.6181152469944,time_rndm_gru_sampling_results/plots/iter_018_n190_timeseries.png
19,200,110;117;13;133;136;15;164;19;319;368;324;229;74;35;79;267;170;281;102;278;335;234;76;323;99;55;211;371;0;85;72;174;316;283;182;268;204;129;5;20;14;361;272;306;145;108;131;36;216;147;325;336;162;176;49;265;93;59;190;126;66;198;4;149;317;96;329;9;355;359;31;67;115;150;210;246;297;3;310;271;169;245;237;291;307;312;6;98;53;206;114;33;356;118;75;113;231;353;123;332;226;167;236;213;153;264;122;369;266;73;320;137;97;60;339;235;315;280;57;7;331;86;46;256;183;84;95;159;251;71;285;222;165;168;362;352;179;80;300;10;197;38;47;220;166;189;44;101;275;111;196;328;144;238;298;286;16;107;221;56;360;92;212;347;151;194;70;301;293;287;295;351;244;209;41;276;65;172;277;22;364;12;219;241;318;372;63;288;68;192;227;334;214;11;8;1;83;109;157;345,0.03518522158265114,0.02679632231593132,0.9848990440368652,3.406100034713745,3.053152084350586,0.9993214011192322,325.8186760059907,3449.4368890550104,time_rndm_gru_sampling_results/plots/iter_019_n200_timeseries.png
20,210,110;117;13;133;136;15;164;19;319;368;324;229;74;35;79;267;170;281;102;278;335;234;76;323;99;55;211;371;0;85;72;174;316;283;182;268;204;129;5;20;14;361;272;306;145;108;131;36;216;147;325;336;162;176;49;265;93;59;190;126;66;198;4;149;317;96;329;9;355;359;31;67;115;150;210;246;297;3;310;271;169;245;237;291;307;312;6;98;53;206;114;33;356;118;75;113;231;353;123;332;226;167;236;213;153;264;122;369;266;73;320;137;97;60;339;235;315;280;57;7;331;86;46;256;183;84;95;159;251;71;285;222;165;168;362;352;179;80;300;10;197;38;47;220;166;189;44;101;275;111;196;328;144;238;298;286;16;107;221;56;360;92;212;347;151;194;70;301;293;287;295;351;244;209;41;276;65;172;277;22;364;12;219;241;318;372;63;288;68;192;227;334;214;11;8;1;83;109;157;345;23;294;171;215;199;302;32;132;365;367,0.032683007419109344,0.025107737630605698,0.9869704842567444,3.0903642177581787,2.4008660316467285,0.999441385269165,342.29122770400136,3791.7282257709885,time_rndm_gru_sampling_results/plots/iter_020_n210_timeseries.png
21,220,110;117;13;133;136;15;164;19;319;368;324;229;74;35;79;267;170;281;102;278;335;234;76;323;99;55;211;371;0;85;72;174;316;283;182;268;204;129;5;20;14;361;272;306;145;108;131;36;216;147;325;336;162;176;49;265;93;59;190;126;66;198;4;149;317;96;329;9;355;359;31;67;115;150;210;246;297;3;310;271;169;245;237;291;307;312;6;98;53;206;114;33;356;118;75;113;231;353;123;332;226;167;236;213;153;264;122;369;266;73;320;137;97;60;339;235;315;280;57;7;331;86;46;256;183;84;95;159;251;71;285;222;165;168;362;352;179;80;300;10;197;38;47;220;166;189;44;101;275;111;196;328;144;238;298;286;16;107;221;56;360;92;212;347;151;194;70;301;293;287;295;351;244;209;41;276;65;172;277;22;364;12;219;241;318;372;63;288;68;192;227;334;214;11;8;1;83;109;157;345;23;294;171;215;199;302;32;132;365;367;88;233;124;304;311;61;146;299;200;54,0.03373033553361893,0.02580331265926361,0.9861220717430115,3.1507160663604736,2.5542027950286865,0.9994193315505981,361.16945608798414,4152.897844312014,time_rndm_gru_sampling_results/plots/iter_021_n220_timeseries.png
22,230,110;117;13;133;136;15;164;19;319;368;324;229;74;35;79;267;170;281;102;278;335;234;76;323;99;55;211;371;0;85;72;174;316;283;182;268;204;129;5;20;14;361;272;306;145;108;131;36;216;147;325;336;162;176;49;265;93;59;190;126;66;198;4;149;317;96;329;9;355;359;31;67;115;150;210;246;297;3;310;271;169;245;237;291;307;312;6;98;53;206;114;33;356;118;75;113;231;353;123;332;226;167;236;213;153;264;122;369;266;73;320;137;97;60;339;235;315;280;57;7;331;86;46;256;183;84;95;159;251;71;285;222;165;168;362;352;179;80;300;10;197;38;47;220;166;189;44;101;275;111;196;328;144;238;298;286;16;107;221;56;360;92;212;347;151;194;70;301;293;287;295;351;244;209;41;276;65;172;277;22;364;12;219;241;318;372;63;288;68;192;227;334;214;11;8;1;83;109;157;345;23;294;171;215;199;302;32;132;365;367;88;233;124;304;311;61;146;299;200;54;62;273;289;296;69;186;106;184;119;121,0.032665401697158813,0.02543487213551998,0.9869845509529114,4.1227521896362305,3.596351385116577,0.9990057945251465,372.6464187479869,4525.544367833005,time_rndm_gru_sampling_results/plots/iter_022_n230_timeseries.png
23,240,110;117;13;133;136;15;164;19;319;368;324;229;74;35;79;267;170;281;102;278;335;234;76;323;99;55;211;371;0;85;72;174;316;283;182;268;204;129;5;20;14;361;272;306;145;108;131;36;216;147;325;336;162;176;49;265;93;59;190;126;66;198;4;149;317;96;329;9;355;359;31;67;115;150;210;246;297;3;310;271;169;245;237;291;307;312;6;98;53;206;114;33;356;118;75;113;231;353;123;332;226;167;236;213;153;264;122;369;266;73;320;137;97;60;339;235;315;280;57;7;331;86;46;256;183;84;95;159;251;71;285;222;165;168;362;352;179;80;300;10;197;38;47;220;166;189;44;101;275;111;196;328;144;238;298;286;16;107;221;56;360;92;212;347;151;194;70;301;293;287;295;351;244;209;41;276;65;172;277;22;364;12;219;241;318;372;63;288;68;192;227;334;214;11;8;1;83;109;157;345;23;294;171;215;199;302;32;132;365;367;88;233;124;304;311;61;146;299;200;54;62;273;289;296;69;186;106;184;119;121;143;34;78;218;314;160;292;208;263;253,0.03563552349805832,0.025797801092267036,0.984510064125061,3.8485867977142334,3.3149328231811523,0.9991335868835449,393.7518671369762,4919.296374443016,time_rndm_gru_sampling_results/plots/iter_023_n240_timeseries.png
24,250,110;117;13;133;136;15;164;19;319;368;324;229;74;35;79;267;170;281;102;278;335;234;76;323;99;55;211;371;0;85;72;174;316;283;182;268;204;129;5;20;14;361;272;306;145;108;131;36;216;147;325;336;162;176;49;265;93;59;190;126;66;198;4;149;317;96;329;9;355;359;31;67;115;150;210;246;297;3;310;271;169;245;237;291;307;312;6;98;53;206;114;33;356;118;75;113;231;353;123;332;226;167;236;213;153;264;122;369;266;73;320;137;97;60;339;235;315;280;57;7;331;86;46;256;183;84;95;159;251;71;285;222;165;168;362;352;179;80;300;10;197;38;47;220;166;189;44;101;275;111;196;328;144;238;298;286;16;107;221;56;360;92;212;347;151;194;70;301;293;287;295;351;244;209;41;276;65;172;277;22;364;12;219;241;318;372;63;288;68;192;227;334;214;11;8;1;83;109;157;345;23;294;171;215;199;302;32;132;365;367;88;233;124;304;311;61;146;299;200;54;62;273;289;296;69;186;106;184;119;121;143;34;78;218;314;160;292;208;263;253;64;18;239;342;25;148;348;322;29;155,0.03385353460907936,0.02552735060453415,0.9860205054283142,2.6477508544921875,2.2707226276397705,0.9995899200439453,412.4349077299994,5331.731376215001,time_rndm_gru_sampling_results/plots/iter_024_n250_timeseries.png
25,260,110;117;13;133;136;15;164;19;319;368;324;229;74;35;79;267;170;281;102;278;335;234;76;323;99;55;211;371;0;85;72;174;316;283;182;268;204;129;5;20;14;361;272;306;145;108;131;36;216;147;325;336;162;176;49;265;93;59;190;126;66;198;4;149;317;96;329;9;355;359;31;67;115;150;210;246;297;3;310;271;169;245;237;291;307;312;6;98;53;206;114;33;356;118;75;113;231;353;123;332;226;167;236;213;153;264;122;369;266;73;320;137;97;60;339;235;315;280;57;7;331;86;46;256;183;84;95;159;251;71;285;222;165;168;362;352;179;80;300;10;197;38;47;220;166;189;44;101;275;111;196;328;144;238;298;286;16;107;221;56;360;92;212;347;151;194;70;301;293;287;295;351;244;209;41;276;65;172;277;22;364;12;219;241;318;372;63;288;68;192;227;334;214;11;8;1;83;109;157;345;23;294;171;215;199;302;32;132;365;367;88;233;124;304;311;61;146;299;200;54;62;273;289;296;69;186;106;184;119;121;143;34;78;218;314;160;292;208;263;253;64;18;239;342;25;148;348;322;29;155;330;207;152;134;341;202;337;163;350;327,0.032160110771656036,0.02540682815015316,0.9873840808868408,3.9389309883117676,3.1117591857910156,0.9990924596786499,420.74586078501306,5752.477331953007,time_rndm_gru_sampling_results/plots/iter_025_n260_timeseries.png
26,270,110;117;13;133;136;15;164;19;319;368;324;229;74;35;79;267;170;281;102;278;335;234;76;323;99;55;211;371;0;85;72;174;316;283;182;268;204;129;5;20;14;361;272;306;145;108;131;36;216;147;325;336;162;176;49;265;93;59;190;126;66;198;4;149;317;96;329;9;355;359;31;67;115;150;210;246;297;3;310;271;169;245;237;291;307;312;6;98;53;206;114;33;356;118;75;113;231;353;123;332;226;167;236;213;153;264;122;369;266;73;320;137;97;60;339;235;315;280;57;7;331;86;46;256;183;84;95;159;251;71;285;222;165;168;362;352;179;80;300;10;197;38;47;220;166;189;44;101;275;111;196;328;144;238;298;286;16;107;221;56;360;92;212;347;151;194;70;301;293;287;295;351;244;209;41;276;65;172;277;22;364;12;219;241;318;372;63;288;68;192;227;334;214;11;8;1;83;109;157;345;23;294;171;215;199;302;32;132;365;367;88;233;124;304;311;61;146;299;200;54;62;273;289;296;69;186;106;184;119;121;143;34;78;218;314;160;292;208;263;253;64;18;239;342;25;148;348;322;29;155;330;207;152;134;341;202;337;163;350;327;343;333;254;24;173;105;180;261;321;255,0.032371487468481064,0.024138005450367928,0.9872176647186279,3.0243966579437256,2.5941107273101807,0.9994649291038513,438.7047733759973,6191.182224232005,time_rndm_gru_sampling_results/plots/iter_026_n270_timeseries.png
27,280,110;117;13;133;136;15;164;19;319;368;324;229;74;35;79;267;170;281;102;278;335;234;76;323;99;55;211;371;0;85;72;174;316;283;182;268;204;129;5;20;14;361;272;306;145;108;131;36;216;147;325;336;162;176;49;265;93;59;190;126;66;198;4;149;317;96;329;9;355;359;31;67;115;150;210;246;297;3;310;271;169;245;237;291;307;312;6;98;53;206;114;33;356;118;75;113;231;353;123;332;226;167;236;213;153;264;122;369;266;73;320;137;97;60;339;235;315;280;57;7;331;86;46;256;183;84;95;159;251;71;285;222;165;168;362;352;179;80;300;10;197;38;47;220;166;189;44;101;275;111;196;328;144;238;298;286;16;107;221;56;360;92;212;347;151;194;70;301;293;287;295;351;244;209;41;276;65;172;277;22;364;12;219;241;318;372;63;288;68;192;227;334;214;11;8;1;83;109;157;345;23;294;171;215;199;302;32;132;365;367;88;233;124;304;311;61;146;299;200;54;62;273;289;296;69;186;106;184;119;121;143;34;78;218;314;160;292;208;263;253;64;18;239;342;25;148;348;322;29;155;330;207;152;134;341;202;337;163;350;327;343;333;254;24;173;105;180;261;321;255;28;177;127;373;346;240;27;195;230;139,0.033964529633522034,0.026071913540363312,0.9859286546707153,3.251216173171997,2.8519680500030518,0.9993817210197449,452.16240429499885,6643.344738429005,time_rndm_gru_sampling_results/plots/iter_027_n280_timeseries.png
28,290,110;117;13;133;136;15;164;19;319;368;324;229;74;35;79;267;170;281;102;278;335;234;76;323;99;55;211;371;0;85;72;174;316;283;182;268;204;129;5;20;14;361;272;306;145;108;131;36;216;147;325;336;162;176;49;265;93;59;190;126;66;198;4;149;317;96;329;9;355;359;31;67;115;150;210;246;297;3;310;271;169;245;237;291;307;312;6;98;53;206;114;33;356;118;75;113;231;353;123;332;226;167;236;213;153;264;122;369;266;73;320;137;97;60;339;235;315;280;57;7;331;86;46;256;183;84;95;159;251;71;285;222;165;168;362;352;179;80;300;10;197;38;47;220;166;189;44;101;275;111;196;328;144;238;298;286;16;107;221;56;360;92;212;347;151;194;70;301;293;287;295;351;244;209;41;276;65;172;277;22;364;12;219;241;318;372;63;288;68;192;227;334;214;11;8;1;83;109;157;345;23;294;171;215;199;302;32;132;365;367;88;233;124;304;311;61;146;299;200;54;62;273;289;296;69;186;106;184;119;121;143;34;78;218;314;160;292;208;263;253;64;18;239;342;25;148;348;322;29;155;330;207;152;134;341;202;337;163;350;327;343;333;254;24;173;105;180;261;321;255;28;177;127;373;346;240;27;195;230;139;201;100;258;225;191;82;282;232;340;17,0.03276653215289116,0.025561630725860596,0.9869037866592407,3.917994737625122,2.962042808532715,0.9991020560264587,470.1348112219712,7113.479680054006,time_rndm_gru_sampling_results/plots/iter_028_n290_timeseries.png
29,300,110;117;13;133;136;15;164;19;319;368;324;229;74;35;79;267;170;281;102;278;335;234;76;323;99;55;211;371;0;85;72;174;316;283;182;268;204;129;5;20;14;361;272;306;145;108;131;36;216;147;325;336;162;176;49;265;93;59;190;126;66;198;4;149;317;96;329;9;355;359;31;67;115;150;210;246;297;3;310;271;169;245;237;291;307;312;6;98;53;206;114;33;356;118;75;113;231;353;123;332;226;167;236;213;153;264;122;369;266;73;320;137;97;60;339;235;315;280;57;7;331;86;46;256;183;84;95;159;251;71;285;222;165;168;362;352;179;80;300;10;197;38;47;220;166;189;44;101;275;111;196;328;144;238;298;286;16;107;221;56;360;92;212;347;151;194;70;301;293;287;295;351;244;209;41;276;65;172;277;22;364;12;219;241;318;372;63;288;68;192;227;334;214;11;8;1;83;109;157;345;23;294;171;215;199;302;32;132;365;367;88;233;124;304;311;61;146;299;200;54;62;273;289;296;69;186;106;184;119;121;143;34;78;218;314;160;292;208;263;253;64;18;239;342;25;148;348;322;29;155;330;207;152;134;341;202;337;163;350;327;343;333;254;24;173;105;180;261;321;255;28;177;127;373;346;240;27;195;230;139;201;100;258;225;191;82;282;232;340;17;366;260;185;94;349;290;77;89;228;344,0.030972622334957123,0.022448034957051277,0.9882985353469849,2.627223014831543,1.9459421634674072,0.9995962381362915,492.6741095419857,7606.153905578016,time_rndm_gru_sampling_results/plots/iter_029_n300_timeseries.png
30,310,110;117;13;133;136;15;164;19;319;368;324;229;74;35;79;267;170;281;102;278;335;234;76;323;99;55;211;371;0;85;72;174;316;283;182;268;204;129;5;20;14;361;272;306;145;108;131;36;216;147;325;336;162;176;49;265;93;59;190;126;66;198;4;149;317;96;329;9;355;359;31;67;115;150;210;246;297;3;310;271;169;245;237;291;307;312;6;98;53;206;114;33;356;118;75;113;231;353;123;332;226;167;236;213;153;264;122;369;266;73;320;137;97;60;339;235;315;280;57;7;331;86;46;256;183;84;95;159;251;71;285;222;165;168;362;352;179;80;300;10;197;38;47;220;166;189;44;101;275;111;196;328;144;238;298;286;16;107;221;56;360;92;212;347;151;194;70;301;293;287;295;351;244;209;41;276;65;172;277;22;364;12;219;241;318;372;63;288;68;192;227;334;214;11;8;1;83;109;157;345;23;294;171;215;199;302;32;132;365;367;88;233;124;304;311;61;146;299;200;54;62;273;289;296;69;186;106;184;119;121;143;34;78;218;314;160;292;208;263;253;64;18;239;342;25;148;348;322;29;155;330;207;152;134;341;202;337;163;350;327;343;333;254;24;173;105;180;261;321;255;28;177;127;373;346;240;27;195;230;139;201;100;258;225;191;82;282;232;340;17;366;260;185;94;349;290;77;89;228;344;37;128;224;326;52;309;50;358;90;154,0.03833000361919403,0.027727337554097176,0.982079029083252,3.7208378314971924,3.173686981201172,0.9991901516914368,501.1022882410034,8107.256313452002,time_rndm_gru_sampling_results/plots/iter_030_n310_timeseries.png
31,320,110;117;13;133;136;15;164;19;319;368;324;229;74;35;79;267;170;281;102;278;335;234;76;323;99;55;211;371;0;85;72;174;316;283;182;268;204;129;5;20;14;361;272;306;145;108;131;36;216;147;325;336;162;176;49;265;93;59;190;126;66;198;4;149;317;96;329;9;355;359;31;67;115;150;210;246;297;3;310;271;169;245;237;291;307;312;6;98;53;206;114;33;356;118;75;113;231;353;123;332;226;167;236;213;153;264;122;369;266;73;320;137;97;60;339;235;315;280;57;7;331;86;46;256;183;84;95;159;251;71;285;222;165;168;362;352;179;80;300;10;197;38;47;220;166;189;44;101;275;111;196;328;144;238;298;286;16;107;221;56;360;92;212;347;151;194;70;301;293;287;295;351;244;209;41;276;65;172;277;22;364;12;219;241;318;372;63;288;68;192;227;334;214;11;8;1;83;109;157;345;23;294;171;215;199;302;32;132;365;367;88;233;124;304;311;61;146;299;200;54;62;273;289;296;69;186;106;184;119;121;143;34;78;218;314;160;292;208;263;253;64;18;239;342;25;148;348;322;29;155;330;207;152;134;341;202;337;163;350;327;343;333;254;24;173;105;180;261;321;255;28;177;127;373;346;240;27;195;230;139;201;100;258;225;191;82;282;232;340;17;366;260;185;94;349;290;77;89;228;344;37;128;224;326;52;309;50;358;90;154;270;203;338;308;104;193;354;249;205;274,0.0356692373752594,0.02639143355190754,0.9844807386398315,3.380683660507202,2.9273812770843506,0.9993314743041992,523.5165569100063,8630.772988204,time_rndm_gru_sampling_results/plots/iter_031_n320_timeseries.png
32,330,110;117;13;133;136;15;164;19;319;368;324;229;74;35;79;267;170;281;102;278;335;234;76;323;99;55;211;371;0;85;72;174;316;283;182;268;204;129;5;20;14;361;272;306;145;108;131;36;216;147;325;336;162;176;49;265;93;59;190;126;66;198;4;149;317;96;329;9;355;359;31;67;115;150;210;246;297;3;310;271;169;245;237;291;307;312;6;98;53;206;114;33;356;118;75;113;231;353;123;332;226;167;236;213;153;264;122;369;266;73;320;137;97;60;339;235;315;280;57;7;331;86;46;256;183;84;95;159;251;71;285;222;165;168;362;352;179;80;300;10;197;38;47;220;166;189;44;101;275;111;196;328;144;238;298;286;16;107;221;56;360;92;212;347;151;194;70;301;293;287;295;351;244;209;41;276;65;172;277;22;364;12;219;241;318;372;63;288;68;192;227;334;214;11;8;1;83;109;157;345;23;294;171;215;199;302;32;132;365;367;88;233;124;304;311;61;146;299;200;54;62;273;289;296;69;186;106;184;119;121;143;34;78;218;314;160;292;208;263;253;64;18;239;342;25;148;348;322;29;155;330;207;152;134;341;202;337;163;350;327;343;333;254;24;173;105;180;261;321;255;28;177;127;373;346;240;27;195;230;139;201;100;258;225;191;82;282;232;340;17;366;260;185;94;349;290;77;89;228;344;37;128;224;326;52;309;50;358;90;154;270;203;338;308;104;193;354;249;205;274;2;142;140;259;175;279;81;181;26;116,0.037275832146406174,0.03034193068742752,0.9830512404441833,1.946434736251831,1.4713060855865479,0.9997783899307251,534.1541220840008,9164.927252961003,time_rndm_gru_sampling_results/plots/iter_032_n330_timeseries.png
33,340,110;117;13;133;136;15;164;19;319;368;324;229;74;35;79;267;170;281;102;278;335;234;76;323;99;55;211;371;0;85;72;174;316;283;182;268;204;129;5;20;14;361;272;306;145;108;131;36;216;147;325;336;162;176;49;265;93;59;190;126;66;198;4;149;317;96;329;9;355;359;31;67;115;150;210;246;297;3;310;271;169;245;237;291;307;312;6;98;53;206;114;33;356;118;75;113;231;353;123;332;226;167;236;213;153;264;122;369;266;73;320;137;97;60;339;235;315;280;57;7;331;86;46;256;183;84;95;159;251;71;285;222;165;168;362;352;179;80;300;10;197;38;47;220;166;189;44;101;275;111;196;328;144;238;298;286;16;107;221;56;360;92;212;347;151;194;70;301;293;287;295;351;244;209;41;276;65;172;277;22;364;12;219;241;318;372;63;288;68;192;227;334;214;11;8;1;83;109;157;345;23;294;171;215;199;302;32;132;365;367;88;233;124;304;311;61;146;299;200;54;62;273;289;296;69;186;106;184;119;121;143;34;78;218;314;160;292;208;263;253;64;18;239;342;25;148;348;322;29;155;330;207;152;134;341;202;337;163;350;327;343;333;254;24;173;105;180;261;321;255;28;177;127;373;346;240;27;195;230;139;201;100;258;225;191;82;282;232;340;17;366;260;185;94;349;290;77;89;228;344;37;128;224;326;52;309;50;358;90;154;270;203;338;308;104;193;354;249;205;274;2;142;140;259;175;279;81;181;26;116;30;257;243;284;45;58;262;248;158;156,0.03222808614373207,0.024768827483057976,0.9873306751251221,3.6122756004333496,3.1805806159973145,0.9992367625236511,557.6844784870045,9722.611888621992,time_rndm_gru_sampling_results/plots/iter_033_n340_timeseries.png
34,350,110;117;13;133;136;15;164;19;319;368;324;229;74;35;79;267;170;281;102;278;335;234;76;323;99;55;211;371;0;85;72;174;316;283;182;268;204;129;5;20;14;361;272;306;145;108;131;36;216;147;325;336;162;176;49;265;93;59;190;126;66;198;4;149;317;96;329;9;355;359;31;67;115;150;210;246;297;3;310;271;169;245;237;291;307;312;6;98;53;206;114;33;356;118;75;113;231;353;123;332;226;167;236;213;153;264;122;369;266;73;320;137;97;60;339;235;315;280;57;7;331;86;46;256;183;84;95;159;251;71;285;222;165;168;362;352;179;80;300;10;197;38;47;220;166;189;44;101;275;111;196;328;144;238;298;286;16;107;221;56;360;92;212;347;151;194;70;301;293;287;295;351;244;209;41;276;65;172;277;22;364;12;219;241;318;372;63;288;68;192;227;334;214;11;8;1;83;109;157;345;23;294;171;215;199;302;32;132;365;367;88;233;124;304;311;61;146;299;200;54;62;273;289;296;69;186;106;184;119;121;143;34;78;218;314;160;292;208;263;253;64;18;239;342;25;148;348;322;29;155;330;207;152;134;341;202;337;163;350;327;343;333;254;24;173;105;180;261;321;255;28;177;127;373;346;240;27;195;230;139;201;100;258;225;191;82;282;232;340;17;366;260;185;94;349;290;77;89;228;344;37;128;224;326;52;309;50;358;90;154;270;203;338;308;104;193;354;249;205;274;2;142;140;259;175;279;81;181;26;116;30;257;243;284;45;58;262;248;158;156;247;120;363;217;48;269;305;161;187;43,0.033229440450668335,0.023986250162124634,0.9865311980247498,1.9644685983657837,1.3831154108047485,0.9997742772102356,572.031212041009,10294.643210576003,time_rndm_gru_sampling_results/plots/iter_034_n350_timeseries.png
35,360,110;117;13;133;136;15;164;19;319;368;324;229;74;35;79;267;170;281;102;278;335;234;76;323;99;55;211;371;0;85;72;174;316;283;182;268;204;129;5;20;14;361;272;306;145;108;131;36;216;147;325;336;162;176;49;265;93;59;190;126;66;198;4;149;317;96;329;9;355;359;31;67;115;150;210;246;297;3;310;271;169;245;237;291;307;312;6;98;53;206;114;33;356;118;75;113;231;353;123;332;226;167;236;213;153;264;122;369;266;73;320;137;97;60;339;235;315;280;57;7;331;86;46;256;183;84;95;159;251;71;285;222;165;168;362;352;179;80;300;10;197;38;47;220;166;189;44;101;275;111;196;328;144;238;298;286;16;107;221;56;360;92;212;347;151;194;70;301;293;287;295;351;244;209;41;276;65;172;277;22;364;12;219;241;318;372;63;288;68;192;227;334;214;11;8;1;83;109;157;345;23;294;171;215;199;302;32;132;365;367;88;233;124;304;311;61;146;299;200;54;62;273;289;296;69;186;106;184;119;121;143;34;78;218;314;160;292;208;263;253;64;18;239;342;25;148;348;322;29;155;330;207;152;134;341;202;337;163;350;327;343;333;254;24;173;105;180;261;321;255;28;177;127;373;346;240;27;195;230;139;201;100;258;225;191;82;282;232;340;17;366;260;185;94;349;290;77;89;228;344;37;128;224;326;52;309;50;358;90;154;270;203;338;308;104;193;354;249;205;274;2;142;140;259;175;279;81;181;26;116;30;257;243;284;45;58;262;248;158;156;247;120;363;217;48;269;305;161;187;43;250;313;91;51;138;40;141;188;130;135,0.03689580783247948,0.02671719901263714,0.9833950400352478,3.3763530254364014,2.9335813522338867,0.9993332028388977,586.6857395069965,10881.32909390601,time_rndm_gru_sampling_results/plots/iter_035_n360_timeseries.png
36,370,110;117;13;133;136;15;164;19;319;368;324;229;74;35;79;267;170;281;102;278;335;234;76;323;99;55;211;371;0;85;72;174;316;283;182;268;204;129;5;20;14;361;272;306;145;108;131;36;216;147;325;336;162;176;49;265;93;59;190;126;66;198;4;149;317;96;329;9;355;359;31;67;115;150;210;246;297;3;310;271;169;245;237;291;307;312;6;98;53;206;114;33;356;118;75;113;231;353;123;332;226;167;236;213;153;264;122;369;266;73;320;137;97;60;339;235;315;280;57;7;331;86;46;256;183;84;95;159;251;71;285;222;165;168;362;352;179;80;300;10;197;38;47;220;166;189;44;101;275;111;196;328;144;238;298;286;16;107;221;56;360;92;212;347;151;194;70;301;293;287;295;351;244;209;41;276;65;172;277;22;364;12;219;241;318;372;63;288;68;192;227;334;214;11;8;1;83;109;157;345;23;294;171;215;199;302;32;132;365;367;88;233;124;304;311;61;146;299;200;54;62;273;289;296;69;186;106;184;119;121;143;34;78;218;314;160;292;208;263;253;64;18;239;342;25;148;348;322;29;155;330;207;152;134;341;202;337;163;350;327;343;333;254;24;173;105;180;261;321;255;28;177;127;373;346;240;27;195;230;139;201;100;258;225;191;82;282;232;340;17;366;260;185;94;349;290;77;89;228;344;37;128;224;326;52;309;50;358;90;154;270;203;338;308;104;193;354;249;205;274;2;142;140;259;175;279;81;181;26;116;30;257;243;284;45;58;262;248;158;156;247;120;363;217;48;269;305;161;187;43;250;313;91;51;138;40;141;188;130;135;303;103;370;223;21;125;357;242;112;42,0.028486467897892,0.021013168618083,0.99010169506073,2.7590787410736084,2.321221351623535,0.9995546936988831,602.0053273609956,11483.334543639998,time_rndm_gru_sampling_results/plots/iter_036_n370_timeseries.png
37,374,110;117;13;133;136;15;164;19;319;368;324;229;74;35;79;267;170;281;102;278;335;234;76;323;99;55;211;371;0;85;72;174;316;283;182;268;204;129;5;20;14;361;272;306;145;108;131;36;216;147;325;336;162;176;49;265;93;59;190;126;66;198;4;149;317;96;329;9;355;359;31;67;115;150;210;246;297;3;310;271;169;245;237;291;307;312;6;98;53;206;114;33;356;118;75;113;231;353;123;332;226;167;236;213;153;264;122;369;266;73;320;137;97;60;339;235;315;280;57;7;331;86;46;256;183;84;95;159;251;71;285;222;165;168;362;352;179;80;300;10;197;38;47;220;166;189;44;101;275;111;196;328;144;238;298;286;16;107;221;56;360;92;212;347;151;194;70;301;293;287;295;351;244;209;41;276;65;172;277;22;364;12;219;241;318;372;63;288;68;192;227;334;214;11;8;1;83;109;157;345;23;294;171;215;199;302;32;132;365;367;88;233;124;304;311;61;146;299;200;54;62;273;289;296;69;186;106;184;119;121;143;34;78;218;314;160;292;208;263;253;64;18;239;342;25;148;348;322;29;155;330;207;152;134;341;202;337;163;350;327;343;333;254;24;173;105;180;261;321;255;28;177;127;373;346;240;27;195;230;139;201;100;258;225;191;82;282;232;340;17;366;260;185;94;349;290;77;89;228;344;37;128;224;326;52;309;50;358;90;154;270;203;338;308;104;193;354;249;205;274;2;142;140;259;175;279;81;181;26;116;30;257;243;284;45;58;262;248;158;156;247;120;363;217;48;269;305;161;187;43;250;313;91;51;138;40;141;188;130;135;303;103;370;223;21;125;357;242;112;42;39;178;87;252,0.03205030784010887,0.026048904284834862,0.9874700903892517,2.5435633659362793,2.013544797897339,0.999621570110321,597.9236875209899,12081.25835224401,time_rndm_gru_sampling_results/plots/iter_037_n374_timeseries.png
