iteration,n_files,file_ids,rmse_m,mae_m,r2_m,rmse_q,mae_q,r2_q
0,10,110;117;13;133;136;15;164;19;319;368,0.053198224,0.048650248,0.966765046,6.266381359,6.383983374,0.998984635
1,20,110;117;13;133;136;15;164;19;319;368;308;157;100;144;4;114;80;90;140;148,0.05732171,0.047781946,0.964005947,11.15620861,9.401711941,0.995202601
2,30,110;117;13;133;136;15;164;19;319;368;308;157;100;144;4;114;80;90;140;148;274;22;106;113;270;77;66;335;62;326,0.053839193,0.041544093,0.973239005,10.06056223,9.286722183,0.996293187
3,40,110;117;13;133;136;15;164;19;319;368;308;157;100;144;4;114;80;90;140;148;274;22;106;113;270;77;66;335;62;326;180;151;197;163;105;350;343;228;135;97,0.055201827,0.037150988,0.978464246,8.750094986,8.243983269,0.997413158
4,50,110;117;13;133;136;15;164;19;319;368;308;157;100;144;4;114;80;90;140;148;274;22;106;113;270;77;66;335;62;326;180;151;197;163;105;350;343;228;135;97;42;34;14;71;153;364;6;125;244;49,0.052893289,0.03970872,0.974308908,6.000641441,5.323215961,0.999109983
5,60,110;117;13;133;136;15;164;19;319;368;308;157;100;144;4;114;80;90;140;148;274;22;106;113;270;77;66;335;62;326;180;151;197;163;105;350;343;228;135;97;42;34;14;71;153;364;6;125;244;49;138;262;353;289;246;237;212;338;43;109,0.051102553,0.033211397,0.980383217,6.126788235,6.700536251,0.998521924
6,70,110;117;13;133;136;15;164;19;319;368;308;157;100;144;4;114;80;90;140;148;274;22;106;113;270;77;66;335;62;326;180;151;197;163;105;350;343;228;135;97;42;34;14;71;153;364;6;125;244;49;138;262;353;289;246;237;212;338;43;109;40;146;10;284;187;358;305;2;131;150,0.051115751,0.032143882,0.980370283,5.50093565,5.065124035,0.998867095
7,80,110;117;13;133;136;15;164;19;319;368;308;157;100;144;4;114;80;90;140;148;274;22;106;113;270;77;66;335;62;326;180;151;197;163;105;350;343;228;135;97;42;34;14;71;153;364;6;125;244;49;138;262;353;289;246;237;212;338;43;109;40;146;10;284;187;358;305;2;131;150;95;46;202;155;8;23;192;118;298;174,0.051717926,0.033481391,0.979776561,5.434498405,5.085536003,0.99890101
8,90,110;117;13;133;136;15;164;19;319;368;308;157;100;144;4;114;80;90;140;148;274;22;106;113;270;77;66;335;62;326;180;151;197;163;105;350;343;228;135;97;42;34;14;71;153;364;6;125;244;49;138;262;353;289;246;237;212;338;43;109;40;146;10;284;187;358;305;2;131;150;95;46;202;155;8;23;192;118;298;174;73;195;282;363;126;342;267;214;265;203,0.043406912,0.033123171,0.977554142,5.332064724,4.78987956,0.998952329
9,100,110;117;13;133;136;15;164;19;319;368;308;157;100;144;4;114;80;90;140;148;274;22;106;113;270;77;66;335;62;326;180;151;197;163;105;350;343;228;135;97;42;34;14;71;153;364;6;125;244;49;138;262;353;289;246;237;212;338;43;109;40;146;10;284;187;358;305;2;131;150;95;46;202;155;8;23;192;118;298;174;73;195;282;363;126;342;267;214;265;203;287;206;45;128;331;312;63;309;48;52,0.037134841,0.029300502,0.983638048,4.825092411,4.208701372,0.999188304
10,110,110;117;13;133;136;15;164;19;319;368;308;157;100;144;4;114;80;90;140;148;274;22;106;113;270;77;66;335;62;326;180;151;197;163;105;350;343;228;135;97;42;34;14;71;153;364;6;125;244;49;138;262;353;289;246;237;212;338;43;109;40;146;10;284;187;358;305;2;131;150;95;46;202;155;8;23;192;118;298;174;73;195;282;363;126;342;267;214;265;203;287;206;45;128;331;312;63;309;48;52;132;59;217;372;89;371;288;275;186;225,0.035453528,0.028657664,0.985105813,6.980018234,6.540655613,0.997977614
11,120,110;117;13;133;136;15;164;19;319;368;308;157;100;144;4;114;80;90;140;148;274;22;106;113;270;77;66;335;62;326;180;151;197;163;105;350;343;228;135;97;42;34;14;71;153;364;6;125;244;49;138;262;353;289;246;237;212;338;43;109;40;146;10;284;187;358;305;2;131;150;95;46;202;155;8;23;192;118;298;174;73;195;282;363;126;342;267;214;265;203;287;206;45;128;331;312;63;309;48;52;132;59;217;372;89;371;288;275;186;225;366;47;185;176;81;340;268;233;321;179,0.037351281,0.02929852,0.983444095,5.536700344,5.091117382,0.998848557
12,130,110;117;13;133;136;15;164;19;319;368;308;157;100;144;4;114;80;90;140;148;274;22;106;113;270;77;66;335;62;326;180;151;197;163;105;350;343;228;135;97;42;34;14;71;153;364;6;125;244;49;138;262;353;289;246;237;212;338;43;109;40;146;10;284;187;358;305;2;131;150;95;46;202;155;8;23;192;118;298;174;73;195;282;363;126;342;267;214;265;203;287;206;45;128;331;312;63;309;48;52;132;59;217;372;89;371;288;275;186;225;366;47;185;176;81;340;268;233;321;179;330;369;9;162;296;70;84;20;92;161,0.038710811,0.02987146,0.982199609,5.199125862,4.889734268,0.999017119
13,140,110;117;13;133;136;15;164;19;319;368;308;157;100;144;4;114;80;90;140;148;274;22;106;113;270;77;66;335;62;326;180;151;197;163;105;350;343;228;135;97;42;34;14;71;153;364;6;125;244;49;138;262;353;289;246;237;212;338;43;109;40;146;10;284;187;358;305;2;131;150;95;46;202;155;8;23;192;118;298;174;73;195;282;363;126;342;267;214;265;203;287;206;45;128;331;312;63;309;48;52;132;59;217;372;89;371;288;275;186;225;366;47;185;176;81;340;268;233;321;179;330;369;9;162;296;70;84;20;92;161;58;56;346;221;370;367;257;123;127;243,0.039755531,0.03166735,0.981212676,5.166168785,4.332191467,0.999032855
14,150,110;117;13;133;136;15;164;19;319;368;308;157;100;144;4;114;80;90;140;148;274;22;106;113;270;77;66;335;62;326;180;151;197;163;105;350;343;228;135;97;42;34;14;71;153;364;6;125;244;49;138;262;353;289;246;237;212;338;43;109;40;146;10;284;187;358;305;2;131;150;95;46;202;155;8;23;192;118;298;174;73;195;282;363;126;342;267;214;265;203;287;206;45;128;331;312;63;309;48;52;132;59;217;372;89;371;288;275;186;225;366;47;185;176;81;340;268;233;321;179;330;369;9;162;296;70;84;20;92;161;58;56;346;221;370;367;257;123;127;243;184;116;93;211;54;111;189;281;67;137,0.040624325,0.031713145,0.980371714,5.611809826,5.049767494,0.998809278
15,160,110;117;13;133;136;15;164;19;319;368;308;157;100;144;4;114;80;90;140;148;274;22;106;113;270;77;66;335;62;326;180;151;197;163;105;350;343;228;135;97;42;34;14;71;153;364;6;125;244;49;138;262;353;289;246;237;212;338;43;109;40;146;10;284;187;358;305;2;131;150;95;46;202;155;8;23;192;118;298;174;73;195;282;363;126;342;267;214;265;203;287;206;45;128;331;312;63;309;48;52;132;59;217;372;89;371;288;275;186;225;366;47;185;176;81;340;268;233;321;179;330;369;9;162;296;70;84;20;92;161;58;56;346;221;370;367;257;123;127;243;184;116;93;211;54;111;189;281;67;137;64;355;231;227;276;124;315;209;91;130,0.039624859,0.030391539,0.981337607,7.238781548,6.757949829,0.997795701
16,170,110;117;13;133;136;15;164;19;319;368;308;157;100;144;4;114;80;90;140;148;274;22;106;113;270;77;66;335;62;326;180;151;197;163;105;350;343;228;135;97;42;34;14;71;153;364;6;125;244;49;138;262;353;289;246;237;212;338;43;109;40;146;10;284;187;358;305;2;131;150;95;46;202;155;8;23;192;118;298;174;73;195;282;363;126;342;267;214;265;203;287;206;45;128;331;312;63;309;48;52;132;59;217;372;89;371;288;275;186;225;366;47;185;176;81;340;268;233;321;179;330;369;9;162;296;70;84;20;92;161;58;56;346;221;370;367;257;123;127;243;184;116;93;211;54;111;189;281;67;137;64;355;231;227;276;124;315;209;91;130;360;271;191;152;26;188;37;283;299;205,0.037381519,0.03045045,0.983416915,5.517752266,5.150899887,0.998858392
17,180,110;117;13;133;136;15;164;19;319;368;308;157;100;144;4;114;80;90;140;148;274;22;106;113;270;77;66;335;62;326;180;151;197;163;105;350;343;228;135;97;42;34;14;71;153;364;6;125;244;49;138;262;353;289;246;237;212;338;43;109;40;146;10;284;187;358;305;2;131;150;95;46;202;155;8;23;192;118;298;174;73;195;282;363;126;342;267;214;265;203;287;206;45;128;331;312;63;309;48;52;132;59;217;372;89;371;288;275;186;225;366;47;185;176;81;340;268;233;321;179;330;369;9;162;296;70;84;20;92;161;58;56;346;221;370;367;257;123;127;243;184;116;93;211;54;111;189;281;67;137;64;355;231;227;276;124;315;209;91;130;360;271;191;152;26;188;37;283;299;205;254;198;310;53;278;18;333;238;122;252,0.035752941,0.028198803,0.984849453,4.901674128,4.17068243,0.999154627
18,190,110;117;13;133;136;15;164;19;319;368;308;157;100;144;4;114;80;90;140;148;274;22;106;113;270;77;66;335;62;326;180;151;197;163;105;350;343;228;135;97;42;34;14;71;153;364;6;125;244;49;138;262;353;289;246;237;212;338;43;109;40;146;10;284;187;358;305;2;131;150;95;46;202;155;8;23;192;118;298;174;73;195;282;363;126;342;267;214;265;203;287;206;45;128;331;312;63;309;48;52;132;59;217;372;89;371;288;275;186;225;366;47;185;176;81;340;268;233;321;179;330;369;9;162;296;70;84;20;92;161;58;56;346;221;370;367;257;123;127;243;184;116;93;211;54;111;189;281;67;137;64;355;231;227;276;124;315;209;91;130;360;271;191;152;26;188;37;283;299;205;254;198;310;53;278;18;333;238;122;252;327;173;316;332;304;251;17;168;12;361,0.035153807,0.026712688,0.985360205,4.657465553,3.911633253,0.99925971
19,200,110;117;13;133;136;15;164;19;319;368;308;157;100;144;4;114;80;90;140;148;274;22;106;113;270;77;66;335;62;326;180;151;197;163;105;350;343;228;135;97;42;34;14;71;153;364;6;125;244;49;138;262;353;289;246;237;212;338;43;109;40;146;10;284;187;358;305;2;131;150;95;46;202;155;8;23;192;118;298;174;73;195;282;363;126;342;267;214;265;203;287;206;45;128;331;312;63;309;48;52;132;59;217;372;89;371;288;275;186;225;366;47;185;176;81;340;268;233;321;179;330;369;9;162;296;70;84;20;92;161;58;56;346;221;370;367;257;123;127;243;184;116;93;211;54;111;189;281;67;137;64;355;231;227;276;124;315;209;91;130;360;271;191;152;26;188;37;283;299;205;254;198;310;53;278;18;333;238;122;252;327;173;316;332;304;251;17;168;12;361;190;177;347;141;98;256;193;0;76;78,0.034031939,0.02683848,0.986293018,5.154280758,4.2979002,0.999038517
20,210,110;117;13;133;136;15;164;19;319;368;308;157;100;144;4;114;80;90;140;148;274;22;106;113;270;77;66;335;62;326;180;151;197;163;105;350;343;228;135;97;42;34;14;71;153;364;6;125;244;49;138;262;353;289;246;237;212;338;43;109;40;146;10;284;187;358;305;2;131;150;95;46;202;155;8;23;192;118;298;174;73;195;282;363;126;342;267;214;265;203;287;206;45;128;331;312;63;309;48;52;132;59;217;372;89;371;288;275;186;225;366;47;185;176;81;340;268;233;321;179;330;369;9;162;296;70;84;20;92;161;58;56;346;221;370;367;257;123;127;243;184;116;93;211;54;111;189;281;67;137;64;355;231;227;276;124;315;209;91;130;360;271;191;152;26;188;37;283;299;205;254;198;310;53;278;18;333;238;122;252;327;173;316;332;304;251;17;168;12;361;190;177;347;141;98;256;193;0;76;78;139;75;156;182;222;119;307;294;264;219,0.034735892,0.024571065,0.985711277,4.755584335,4.092264414,0.999218345
21,220,110;117;13;133;136;15;164;19;319;368;308;157;100;144;4;114;80;90;140;148;274;22;106;113;270;77;66;335;62;326;180;151;197;163;105;350;343;228;135;97;42;34;14;71;153;364;6;125;244;49;138;262;353;289;246;237;212;338;43;109;40;146;10;284;187;358;305;2;131;150;95;46;202;155;8;23;192;118;298;174;73;195;282;363;126;342;267;214;265;203;287;206;45;128;331;312;63;309;48;52;132;59;217;372;89;371;288;275;186;225;366;47;185;176;81;340;268;233;321;179;330;369;9;162;296;70;84;20;92;161;58;56;346;221;370;367;257;123;127;243;184;116;93;211;54;111;189;281;67;137;64;355;231;227;276;124;315;209;91;130;360;271;191;152;26;188;37;283;299;205;254;198;310;53;278;18;333;238;122;252;327;173;316;332;304;251;17;168;12;361;190;177;347;141;98;256;193;0;76;78;139;75;156;182;222;119;307;294;264;219;300;255;38;94;266;32;273;61;200;373,0.035643947,0.02741337,0.984943032,5.661628342,5.244389534,0.998782814
22,230,110;117;13;133;136;15;164;19;319;368;308;157;100;144;4;114;80;90;140;148;274;22;106;113;270;77;66;335;62;326;180;151;197;163;105;350;343;228;135;97;42;34;14;71;153;364;6;125;244;49;138;262;353;289;246;237;212;338;43;109;40;146;10;284;187;358;305;2;131;150;95;46;202;155;8;23;192;118;298;174;73;195;282;363;126;342;267;214;265;203;287;206;45;128;331;312;63;309;48;52;132;59;217;372;89;371;288;275;186;225;366;47;185;176;81;340;268;233;321;179;330;369;9;162;296;70;84;20;92;161;58;56;346;221;370;367;257;123;127;243;184;116;93;211;54;111;189;281;67;137;64;355;231;227;276;124;315;209;91;130;360;271;191;152;26;188;37;283;299;205;254;198;310;53;278;18;333;238;122;252;327;173;316;332;304;251;17;168;12;361;190;177;347;141;98;256;193;0;76;78;139;75;156;182;222;119;307;294;264;219;300;255;38;94;266;32;273;61;200;373;160;249;259;323;318;74;258;50;171;306,0.032539733,0.025130607,0.987486184,4.488364315,3.997511864,0.999328434
23,240,110;117;13;133;136;15;164;19;319;368;308;157;100;144;4;114;80;90;140;148;274;22;106;113;270;77;66;335;62;326;180;151;197;163;105;350;343;228;135;97;42;34;14;71;153;364;6;125;244;49;138;262;353;289;246;237;212;338;43;109;40;146;10;284;187;358;305;2;131;150;95;46;202;155;8;23;192;118;298;174;73;195;282;363;126;342;267;214;265;203;287;206;45;128;331;312;63;309;48;52;132;59;217;372;89;371;288;275;186;225;366;47;185;176;81;340;268;233;321;179;330;369;9;162;296;70;84;20;92;161;58;56;346;221;370;367;257;123;127;243;184;116;93;211;54;111;189;281;67;137;64;355;231;227;276;124;315;209;91;130;360;271;191;152;26;188;37;283;299;205;254;198;310;53;278;18;333;238;122;252;327;173;316;332;304;251;17;168;12;361;190;177;347;141;98;256;193;0;76;78;139;75;156;182;222;119;307;294;264;219;300;255;38;94;266;32;273;61;200;373;160;249;259;323;318;74;258;50;171;306;269;235;280;329;134;302;35;241;5;213,0.032357846,0.026047993,0.987627864,4.310433245,4.000428915,0.999397099
24,250,110;117;13;133;136;15;164;19;319;368;308;157;100;144;4;114;80;90;140;148;274;22;106;113;270;77;66;335;62;326;180;151;197;163;105;350;343;228;135;97;42;34;14;71;153;364;6;125;244;49;138;262;353;289;246;237;212;338;43;109;40;146;10;284;187;358;305;2;131;150;95;46;202;155;8;23;192;118;298;174;73;195;282;363;126;342;267;214;265;203;287;206;45;128;331;312;63;309;48;52;132;59;217;372;89;371;288;275;186;225;366;47;185;176;81;340;268;233;321;179;330;369;9;162;296;70;84;20;92;161;58;56;346;221;370;367;257;123;127;243;184;116;93;211;54;111;189;281;67;137;64;355;231;227;276;124;315;209;91;130;360;271;191;152;26;188;37;283;299;205;254;198;310;53;278;18;333;238;122;252;327;173;316;332;304;251;17;168;12;361;190;177;347;141;98;256;193;0;76;78;139;75;156;182;222;119;307;294;264;219;300;255;38;94;266;32;273;61;200;373;160;249;259;323;318;74;258;50;171;306;269;235;280;329;134;302;35;241;5;213;337;295;1;154;69;345;292;359;226;348,0.038812053,0.030358555,0.982105136,5.005688047,4.231734753,0.999107718
25,260,110;117;13;133;136;15;164;19;319;368;308;157;100;144;4;114;80;90;140;148;274;22;106;113;270;77;66;335;62;326;180;151;197;163;105;350;343;228;135;97;42;34;14;71;153;364;6;125;244;49;138;262;353;289;246;237;212;338;43;109;40;146;10;284;187;358;305;2;131;150;95;46;202;155;8;23;192;118;298;174;73;195;282;363;126;342;267;214;265;203;287;206;45;128;331;312;63;309;48;52;132;59;217;372;89;371;288;275;186;225;366;47;185;176;81;340;268;233;321;179;330;369;9;162;296;70;84;20;92;161;58;56;346;221;370;367;257;123;127;243;184;116;93;211;54;111;189;281;67;137;64;355;231;227;276;124;315;209;91;130;360;271;191;152;26;188;37;283;299;205;254;198;310;53;278;18;333;238;122;252;327;173;316;332;304;251;17;168;12;361;190;177;347;141;98;256;193;0;76;78;139;75;156;182;222;119;307;294;264;219;300;255;38;94;266;32;273;61;200;373;160;249;259;323;318;74;258;50;171;306;269;235;280;329;134;302;35;241;5;213;337;295;1;154;69;345;292;359;226;348;311;261;165;208;3;232;317;30;224;175,0.038281847,0.031369388,0.982597172,4.227510309,3.759076357,0.999427855
26,270,110;117;13;133;136;15;164;19;319;368;308;157;100;144;4;114;80;90;140;148;274;22;106;113;270;77;66;335;62;326;180;151;197;163;105;350;343;228;135;97;42;34;14;71;153;364;6;125;244;49;138;262;353;289;246;237;212;338;43;109;40;146;10;284;187;358;305;2;131;150;95;46;202;155;8;23;192;118;298;174;73;195;282;363;126;342;267;214;265;203;287;206;45;128;331;312;63;309;48;52;132;59;217;372;89;371;288;275;186;225;366;47;185;176;81;340;268;233;321;179;330;369;9;162;296;70;84;20;92;161;58;56;346;221;370;367;257;123;127;243;184;116;93;211;54;111;189;281;67;137;64;355;231;227;276;124;315;209;91;130;360;271;191;152;26;188;37;283;299;205;254;198;310;53;278;18;333;238;122;252;327;173;316;332;304;251;17;168;12;361;190;177;347;141;98;256;193;0;76;78;139;75;156;182;222;119;307;294;264;219;300;255;38;94;266;32;273;61;200;373;160;249;259;323;318;74;258;50;171;306;269;235;280;329;134;302;35;241;5;213;337;295;1;154;69;345;292;359;226;348;311;261;165;208;3;232;317;30;224;175;167;291;313;272;68;349;279;344;104;65,0.033944723,0.026118562,0.986364245,4.05577693,3.274899483,0.99948895
27,280,110;117;13;133;136;15;164;19;319;368;308;157;100;144;4;114;80;90;140;148;274;22;106;113;270;77;66;335;62;326;180;151;197;163;105;350;343;228;135;97;42;34;14;71;153;364;6;125;244;49;138;262;353;289;246;237;212;338;43;109;40;146;10;284;187;358;305;2;131;150;95;46;202;155;8;23;192;118;298;174;73;195;282;363;126;342;267;214;265;203;287;206;45;128;331;312;63;309;48;52;132;59;217;372;89;371;288;275;186;225;366;47;185;176;81;340;268;233;321;179;330;369;9;162;296;70;84;20;92;161;58;56;346;221;370;367;257;123;127;243;184;116;93;211;54;111;189;281;67;137;64;355;231;227;276;124;315;209;91;130;360;271;191;152;26;188;37;283;299;205;254;198;310;53;278;18;333;238;122;252;327;173;316;332;304;251;17;168;12;361;190;177;347;141;98;256;193;0;76;78;139;75;156;182;222;119;307;294;264;219;300;255;38;94;266;32;273;61;200;373;160;249;259;323;318;74;258;50;171;306;269;235;280;329;134;302;35;241;5;213;337;295;1;154;69;345;292;359;226;348;311;261;165;208;3;232;317;30;224;175;167;291;313;272;68;349;279;344;104;65;60;286;362;96;145;107;242;88;29;120,0.036671683,0.028247042,0.984049261,4.209978199,3.715229988,0.999434233
28,290,110;117;13;133;136;15;164;19;319;368;308;157;100;144;4;114;80;90;140;148;274;22;106;113;270;77;66;335;62;326;180;151;197;163;105;350;343;228;135;97;42;34;14;71;153;364;6;125;244;49;138;262;353;289;246;237;212;338;43;109;40;146;10;284;187;358;305;2;131;150;95;46;202;155;8;23;192;118;298;174;73;195;282;363;126;342;267;214;265;203;287;206;45;128;331;312;63;309;48;52;132;59;217;372;89;371;288;275;186;225;366;47;185;176;81;340;268;233;321;179;330;369;9;162;296;70;84;20;92;161;58;56;346;221;370;367;257;123;127;243;184;116;93;211;54;111;189;281;67;137;64;355;231;227;276;124;315;209;91;130;360;271;191;152;26;188;37;283;299;205;254;198;310;53;278;18;333;238;122;252;327;173;316;332;304;251;17;168;12;361;190;177;347;141;98;256;193;0;76;78;139;75;156;182;222;119;307;294;264;219;300;255;38;94;266;32;273;61;200;373;160;249;259;323;318;74;258;50;171;306;269;235;280;329;134;302;35;241;5;213;337;295;1;154;69;345;292;359;226;348;311;261;165;208;3;232;317;30;224;175;167;291;313;272;68;349;279;344;104;65;60;286;362;96;145;107;242;88;29;120;169;356;240;247;230;234;79;354;351;196,0.036475618,0.026816661,0.984221756,3.31564436,2.674245715,0.999712825
29,300,110;117;13;133;136;15;164;19;319;368;308;157;100;144;4;114;80;90;140;148;274;22;106;113;270;77;66;335;62;326;180;151;197;163;105;350;343;228;135;97;42;34;14;71;153;364;6;125;244;49;138;262;353;289;246;237;212;338;43;109;40;146;10;284;187;358;305;2;131;150;95;46;202;155;8;23;192;118;298;174;73;195;282;363;126;342;267;214;265;203;287;206;45;128;331;312;63;309;48;52;132;59;217;372;89;371;288;275;186;225;366;47;185;176;81;340;268;233;321;179;330;369;9;162;296;70;84;20;92;161;58;56;346;221;370;367;257;123;127;243;184;116;93;211;54;111;189;281;67;137;64;355;231;227;276;124;315;209;91;130;360;271;191;152;26;188;37;283;299;205;254;198;310;53;278;18;333;238;122;252;327;173;316;332;304;251;17;168;12;361;190;177;347;141;98;256;193;0;76;78;139;75;156;182;222;119;307;294;264;219;300;255;38;94;266;32;273;61;200;373;160;249;259;323;318;74;258;50;171;306;269;235;280;329;134;302;35;241;5;213;337;295;1;154;69;345;292;359;226;348;311;261;165;208;3;232;317;30;224;175;167;291;313;272;68;349;279;344;104;65;60;286;362;96;145;107;242;88;29;120;169;356;240;247;230;234;79;354;351;196;341;236;142;36;72;207;260;99;253;250,0.033156008,0.025549382,0.986999989,4.652742243,3.660666227,0.999261677
30,310,110;117;13;133;136;15;164;19;319;368;308;157;100;144;4;114;80;90;140;148;274;22;106;113;270;77;66;335;62;326;180;151;197;163;105;350;343;228;135;97;42;34;14;71;153;364;6;125;244;49;138;262;353;289;246;237;212;338;43;109;40;146;10;284;187;358;305;2;131;150;95;46;202;155;8;23;192;118;298;174;73;195;282;363;126;342;267;214;265;203;287;206;45;128;331;312;63;309;48;52;132;59;217;372;89;371;288;275;186;225;366;47;185;176;81;340;268;233;321;179;330;369;9;162;296;70;84;20;92;161;58;56;346;221;370;367;257;123;127;243;184;116;93;211;54;111;189;281;67;137;64;355;231;227;276;124;315;209;91;130;360;271;191;152;26;188;37;283;299;205;254;198;310;53;278;18;333;238;122;252;327;173;316;332;304;251;17;168;12;361;190;177;347;141;98;256;193;0;76;78;139;75;156;182;222;119;307;294;264;219;300;255;38;94;266;32;273;61;200;373;160;249;259;323;318;74;258;50;171;306;269;235;280;329;134;302;35;241;5;213;337;295;1;154;69;345;292;359;226;348;311;261;165;208;3;232;317;30;224;175;167;291;313;272;68;349;279;344;104;65;60;286;362;96;145;107;242;88;29;120;169;356;240;247;230;234;79;354;351;196;341;236;142;36;72;207;260;99;253;250;339;24;147;57;166;223;229;303;172;108,0.032134291,0.02282341,0.987800956,4.428270912,3.853601456,0.999352038
31,320,110;117;13;133;136;15;164;19;319;368;308;157;100;144;4;114;80;90;140;148;274;22;106;113;270;77;66;335;62;326;180;151;197;163;105;350;343;228;135;97;42;34;14;71;153;364;6;125;244;49;138;262;353;289;246;237;212;338;43;109;40;146;10;284;187;358;305;2;131;150;95;46;202;155;8;23;192;118;298;174;73;195;282;363;126;342;267;214;265;203;287;206;45;128;331;312;63;309;48;52;132;59;217;372;89;371;288;275;186;225;366;47;185;176;81;340;268;233;321;179;330;369;9;162;296;70;84;20;92;161;58;56;346;221;370;367;257;123;127;243;184;116;93;211;54;111;189;281;67;137;64;355;231;227;276;124;315;209;91;130;360;271;191;152;26;188;37;283;299;205;254;198;310;53;278;18;333;238;122;252;327;173;316;332;304;251;17;168;12;361;190;177;347;141;98;256;193;0;76;78;139;75;156;182;222;119;307;294;264;219;300;255;38;94;266;32;273;61;200;373;160;249;259;323;318;74;258;50;171;306;269;235;280;329;134;302;35;241;5;213;337;295;1;154;69;345;292;359;226;348;311;261;165;208;3;232;317;30;224;175;167;291;313;272;68;349;279;344;104;65;60;286;362;96;145;107;242;88;29;120;169;356;240;247;230;234;79;354;351;196;341;236;142;36;72;207;260;99;253;250;339;24;147;57;166;223;229;303;172;108;352;103;320;86;170;85;149;204;277;210,0.031556128,0.023609746,0.988242924,3.669619179,3.12144804,0.999613762
32,330,110;117;13;133;136;15;164;19;319;368;308;157;100;144;4;114;80;90;140;148;274;22;106;113;270;77;66;335;62;326;180;151;197;163;105;350;343;228;135;97;42;34;14;71;153;364;6;125;244;49;138;262;353;289;246;237;212;338;43;109;40;146;10;284;187;358;305;2;131;150;95;46;202;155;8;23;192;118;298;174;73;195;282;363;126;342;267;214;265;203;287;206;45;128;331;312;63;309;48;52;132;59;217;372;89;371;288;275;186;225;366;47;185;176;81;340;268;233;321;179;330;369;9;162;296;70;84;20;92;161;58;56;346;221;370;367;257;123;127;243;184;116;93;211;54;111;189;281;67;137;64;355;231;227;276;124;315;209;91;130;360;271;191;152;26;188;37;283;299;205;254;198;310;53;278;18;333;238;122;252;327;173;316;332;304;251;17;168;12;361;190;177;347;141;98;256;193;0;76;78;139;75;156;182;222;119;307;294;264;219;300;255;38;94;266;32;273;61;200;373;160;249;259;323;318;74;258;50;171;306;269;235;280;329;134;302;35;241;5;213;337;295;1;154;69;345;292;359;226;348;311;261;165;208;3;232;317;30;224;175;167;291;313;272;68;349;279;344;104;65;60;286;362;96;145;107;242;88;29;120;169;356;240;247;230;234;79;354;351;196;341;236;142;36;72;207;260;99;253;250;339;24;147;57;166;223;229;303;172;108;352;103;320;86;170;85;149;204;277;210;27;297;115;51;216;201;365;293;324;194,0.031738434,0.023381889,0.988104463,4.220364428,3.665929556,0.999430478
33,340,110;117;13;133;136;15;164;19;319;368;308;157;100;144;4;114;80;90;140;148;274;22;106;113;270;77;66;335;62;326;180;151;197;163;105;350;343;228;135;97;42;34;14;71;153;364;6;125;244;49;138;262;353;289;246;237;212;338;43;109;40;146;10;284;187;358;305;2;131;150;95;46;202;155;8;23;192;118;298;174;73;195;282;363;126;342;267;214;265;203;287;206;45;128;331;312;63;309;48;52;132;59;217;372;89;371;288;275;186;225;366;47;185;176;81;340;268;233;321;179;330;369;9;162;296;70;84;20;92;161;58;56;346;221;370;367;257;123;127;243;184;116;93;211;54;111;189;281;67;137;64;355;231;227;276;124;315;209;91;130;360;271;191;152;26;188;37;283;299;205;254;198;310;53;278;18;333;238;122;252;327;173;316;332;304;251;17;168;12;361;190;177;347;141;98;256;193;0;76;78;139;75;156;182;222;119;307;294;264;219;300;255;38;94;266;32;273;61;200;373;160;249;259;323;318;74;258;50;171;306;269;235;280;329;134;302;35;241;5;213;337;295;1;154;69;345;292;359;226;348;311;261;165;208;3;232;317;30;224;175;167;291;313;272;68;349;279;344;104;65;60;286;362;96;145;107;242;88;29;120;169;356;240;247;230;234;79;354;351;196;341;236;142;36;72;207;260;99;253;250;339;24;147;57;166;223;229;303;172;108;352;103;320;86;170;85;149;204;277;210;27;297;115;51;216;201;365;293;324;194;263;33;129;102;41;25;39;21;178;325,0.032687862,0.024663722,0.987370133,3.605927563,2.806925893,0.999632657
34,350,110;117;13;133;136;15;164;19;319;368;308;157;100;144;4;114;80;90;140;148;274;22;106;113;270;77;66;335;62;326;180;151;197;163;105;350;343;228;135;97;42;34;14;71;153;364;6;125;244;49;138;262;353;289;246;237;212;338;43;109;40;146;10;284;187;358;305;2;131;150;95;46;202;155;8;23;192;118;298;174;73;195;282;363;126;342;267;214;265;203;287;206;45;128;331;312;63;309;48;52;132;59;217;372;89;371;288;275;186;225;366;47;185;176;81;340;268;233;321;179;330;369;9;162;296;70;84;20;92;161;58;56;346;221;370;367;257;123;127;243;184;116;93;211;54;111;189;281;67;137;64;355;231;227;276;124;315;209;91;130;360;271;191;152;26;188;37;283;299;205;254;198;310;53;278;18;333;238;122;252;327;173;316;332;304;251;17;168;12;361;190;177;347;141;98;256;193;0;76;78;139;75;156;182;222;119;307;294;264;219;300;255;38;94;266;32;273;61;200;373;160;249;259;323;318;74;258;50;171;306;269;235;280;329;134;302;35;241;5;213;337;295;1;154;69;345;292;359;226;348;311;261;165;208;3;232;317;30;224;175;167;291;313;272;68;349;279;344;104;65;60;286;362;96;145;107;242;88;29;120;169;356;240;247;230;234;79;354;351;196;341;236;142;36;72;207;260;99;253;250;339;24;147;57;166;223;229;303;172;108;352;103;320;86;170;85;149;204;277;210;27;297;115;51;216;201;365;293;324;194;263;33;129;102;41;25;39;21;178;325;82;181;143;87;28;336;16;314;158;248,0.028372918,0.02072894,0.990530252,3.821484184,3.2978971,0.999566793
35,360,110;117;13;133;136;15;164;19;319;368;308;157;100;144;4;114;80;90;140;148;274;22;106;113;270;77;66;335;62;326;180;151;197;163;105;350;343;228;135;97;42;34;14;71;153;364;6;125;244;49;138;262;353;289;246;237;212;338;43;109;40;146;10;284;187;358;305;2;131;150;95;46;202;155;8;23;192;118;298;174;73;195;282;363;126;342;267;214;265;203;287;206;45;128;331;312;63;309;48;52;132;59;217;372;89;371;288;275;186;225;366;47;185;176;81;340;268;233;321;179;330;369;9;162;296;70;84;20;92;161;58;56;346;221;370;367;257;123;127;243;184;116;93;211;54;111;189;281;67;137;64;355;231;227;276;124;315;209;91;130;360;271;191;152;26;188;37;283;299;205;254;198;310;53;278;18;333;238;122;252;327;173;316;332;304;251;17;168;12;361;190;177;347;141;98;256;193;0;76;78;139;75;156;182;222;119;307;294;264;219;300;255;38;94;266;32;273;61;200;373;160;249;259;323;318;74;258;50;171;306;269;235;280;329;134;302;35;241;5;213;337;295;1;154;69;345;292;359;226;348;311;261;165;208;3;232;317;30;224;175;167;291;313;272;68;349;279;344;104;65;60;286;362;96;145;107;242;88;29;120;169;356;240;247;230;234;79;354;351;196;341;236;142;36;72;207;260;99;253;250;339;24;147;57;166;223;229;303;172;108;352;103;320;86;170;85;149;204;277;210;27;297;115;51;216;201;365;293;324;194;263;33;129;102;41;25;39;21;178;325;82;181;143;87;28;336;16;314;158;248;322;7;285;239;159;328;334;301;11;183,0.031434421,0.022845814,0.988334954,4.892088032,4.40780735,0.999158859
36,370,110;117;13;133;136;15;164;19;319;368;308;157;100;144;4;114;80;90;140;148;274;22;106;113;270;77;66;335;62;326;180;151;197;163;105;350;343;228;135;97;42;34;14;71;153;364;6;125;244;49;138;262;353;289;246;237;212;338;43;109;40;146;10;284;187;358;305;2;131;150;95;46;202;155;8;23;192;118;298;174;73;195;282;363;126;342;267;214;265;203;287;206;45;128;331;312;63;309;48;52;132;59;217;372;89;371;288;275;186;225;366;47;185;176;81;340;268;233;321;179;330;369;9;162;296;70;84;20;92;161;58;56;346;221;370;367;257;123;127;243;184;116;93;211;54;111;189;281;67;137;64;355;231;227;276;124;315;209;91;130;360;271;191;152;26;188;37;283;299;205;254;198;310;53;278;18;333;238;122;252;327;173;316;332;304;251;17;168;12;361;190;177;347;141;98;256;193;0;76;78;139;75;156;182;222;119;307;294;264;219;300;255;38;94;266;32;273;61;200;373;160;249;259;323;318;74;258;50;171;306;269;235;280;329;134;302;35;241;5;213;337;295;1;154;69;345;292;359;226;348;311;261;165;208;3;232;317;30;224;175;167;291;313;272;68;349;279;344;104;65;60;286;362;96;145;107;242;88;29;120;169;356;240;247;230;234;79;354;351;196;341;236;142;36;72;207;260;99;253;250;339;24;147;57;166;223;229;303;172;108;352;103;320;86;170;85;149;204;277;210;27;297;115;51;216;201;365;293;324;194;263;33;129;102;41;25;39;21;178;325;82;181;143;87;28;336;16;314;158;248;322;7;285;239;159;328;334;301;11;183;112;218;357;220;101;83;55;290;215;44,0.034259159,0.026792245,0.986106575,4.321515656,3.845067263,0.999392927
37,374,110;117;13;133;136;15;164;19;319;368;308;157;100;144;4;114;80;90;140;148;274;22;106;113;270;77;66;335;62;326;180;151;197;163;105;350;343;228;135;97;42;34;14;71;153;364;6;125;244;49;138;262;353;289;246;237;212;338;43;109;40;146;10;284;187;358;305;2;131;150;95;46;202;155;8;23;192;118;298;174;73;195;282;363;126;342;267;214;265;203;287;206;45;128;331;312;63;309;48;52;132;59;217;372;89;371;288;275;186;225;366;47;185;176;81;340;268;233;321;179;330;369;9;162;296;70;84;20;92;161;58;56;346;221;370;367;257;123;127;243;184;116;93;211;54;111;189;281;67;137;64;355;231;227;276;124;315;209;91;130;360;271;191;152;26;188;37;283;299;205;254;198;310;53;278;18;333;238;122;252;327;173;316;332;304;251;17;168;12;361;190;177;347;141;98;256;193;0;76;78;139;75;156;182;222;119;307;294;264;219;300;255;38;94;266;32;273;61;200;373;160;249;259;323;318;74;258;50;171;306;269;235;280;329;134;302;35;241;5;213;337;295;1;154;69;345;292;359;226;348;311;261;165;208;3;232;317;30;224;175;167;291;313;272;68;349;279;344;104;65;60;286;362;96;145;107;242;88;29;120;169;356;240;247;230;234;79;354;351;196;341;236;142;36;72;207;260;99;253;250;339;24;147;57;166;223;229;303;172;108;352;103;320;86;170;85;149;204;277;210;27;297;115;51;216;201;365;293;324;194;263;33;129;102;41;25;39;21;178;325;82;181;143;87;28;336;16;314;158;248;322;7;285;239;159;328;334;301;11;183;112;218;357;220;101;83;55;290;215;44;245;31;199;121,0.033618622,0.025102193,0.98662895,3.957643127,3.402460814,0.999522328
